y,ds
10159.96,2019-08-24
10407.97,2019-08-23
10131.06,2019-08-22
10138.05,2019-08-21
10763.23,2019-08-20
10916.05,2019-08-19
10345.81,2019-08-18
10231.74,2019-08-17
10374.34,2019-08-16
10311.55,2019-08-15
10051.7,2019-08-14
10895.83,2019-08-13
11382.62,2019-08-12
11523.58,2019-08-11
11354.02,2019-08-10
11862.94,2019-08-09
11966.41,2019-08-08
11941.97,2019-08-07
11478.17,2019-08-06
11805.65,2019-08-05
10970.18,2019-08-04
10821.73,2019-08-03
10518.17,2019-08-02
10399.67,2019-08-01
10085.63,2019-07-31
9607.42,2019-07-30
9519.15,2019-07-29
9552.86,2019-07-28
9477.68,2019-07-27
9870.3,2019-07-26
9911.84,2019-07-25
9811.93,2019-07-24
9900.77,2019-07-23
10343.11,2019-07-22
10599.11,2019-07-21
10767.14,2019-07-20
10530.73,2019-07-19
10666.48,2019-07-18
9693.8,2019-07-17
9477.64,2019-07-16
10895.09,2019-07-15
10256.06,2019-07-14
11392.38,2019-07-13
11815.99,2019-07-12
11358.66,2019-07-11
12156.51,2019-07-10
12573.81,2019-07-09
12285.96,2019-07-08
11450.85,2019-07-07
11208.55,2019-07-06
10978.46,2019-07-05
11215.44,2019-07-04
11961.27,2019-07-03
10801.68,2019-07-02
10583.13,2019-07-01
10817.16,2019-06-30
11959.37,2019-06-29
12407.33,2019-06-28
11182.81,2019-06-27
13016.23,2019-06-26
11790.92,2019-06-25
11011.1,2019-06-24
10855.37,2019-06-23
10701.69,2019-06-22
10144.56,2019-06-21
9527.16,2019-06-20
9273.52,2019-06-19
9081.76,2019-06-18
9320.35,2019-06-17
8994.49,2019-06-16
8838.38,2019-06-15
8693.83,2019-06-14
8230.92,2019-06-13
8145.86,2019-06-12
7927.71,2019-06-11
8000.33,2019-06-10
7688.08,2019-06-09
7954.13,2019-06-08
8043.95,2019-06-07
7822.02,2019-06-06
7824.23,2019-06-05
7707.77,2019-06-04
8208.99,2019-06-03
8742.96,2019-06-02
8564.02,2019-06-01
8574.5,2019-05-31
8319.47,2019-05-30
8659.49,2019-05-29
8719.96,2019-05-28
8805.78,2019-05-27
8673.22,2019-05-26
8052.54,2019-05-25
7987.37,2019-05-24
7881.85,2019-05-23
7680.07,2019-05-22
7963.33,2019-05-21
7978.31,2019-05-20
8197.69,2019-05-19
7271.21,2019-05-18
7343.9,2019-05-17
7884.91,2019-05-16
8205.17,2019-05-15
7994.42,2019-05-14
7814.92,2019-05-13
6972.37,2019-05-12
7204.77,2019-05-11
6378.85,2019-05-10
6174.53,2019-05-09
5982.46,2019-05-08
5829.5,2019-05-07
5746.81,2019-05-06
5795.71,2019-05-05
5831.17,2019-05-04
5768.29,2019-05-03
5505.28,2019-05-02
5402.7,2019-05-01
5350.73,2019-04-30
5247.35,2019-04-29
5285.14,2019-04-28
5268.29,2019-04-27
5279.35,2019-04-26
5210.52,2019-04-25
5464.87,2019-04-24
5572.36,2019-04-23
5399.37,2019-04-22
5314.53,2019-04-21
5337.89,2019-04-20
5303.81,2019-04-19
5298.39,2019-04-18
5251.94,2019-04-17
5235.56,2019-04-16
5067.11,2019-04-15
5167.72,2019-04-14
5096.59,2019-04-13
5089.54,2019-04-12
5064.49,2019-04-11
5324.55,2019-04-10
5204.96,2019-04-09
5289.77,2019-04-08
5198.9,2019-04-07
5059.82,2019-04-06
5036.68,2019-04-05
4922.8,2019-04-04
4973.02,2019-04-03
4879.88,2019-04-02
4158.18,2019-04-01
4105.4,2019-03-31
4106.66,2019-03-30
4098.37,2019-03-29
4069.11,2019-03-28
4087.07,2019-03-27
3985.08,2019-03-26
3963.07,2019-03-25
4022.17,2019-03-24
4035.83,2019-03-23
4023.97,2019-03-22
4029.33,2019-03-21
4087.48,2019-03-20
4071.19,2019-03-19
4032.51,2019-03-18
4025.23,2019-03-17
4048.73,2019-03-16
3960.91,2019-03-15
3924.37,2019-03-14
3906.72,2019-03-13
3909.16,2019-03-12
3905.23,2019-03-11
3951.6,2019-03-10
3963.31,2019-03-09
3901.13,2019-03-08
3911.48,2019-03-07
3903.94,2019-03-06
3896.38,2019-03-05
3761.56,2019-03-04
3847.18,2019-03-03
3864.42,2019-03-02
3859.58,2019-03-01
3854.79,2019-02-28
3851.05,2019-02-27
3854.36,2019-02-26
3882.7,2019-02-25
3810.43,2019-02-24
4142.53,2019-02-23
4005.53,2019-02-22
3954.12,2019-02-21
3999.82,2019-02-20
3947.09,2019-02-19
3915.71,2019-02-18
3673.84,2019-02-17
3629.79,2019-02-16
3620.81,2019-02-15
3616.88,2019-02-14
3632.07,2019-02-13
3653.53,2019-02-12
3648.43,2019-02-11
3690.19,2019-02-10
3671.2,2019-02-09
3666.78,2019-02-08
3399.47,2019-02-07
3413.77,2019-02-06
3466.36,2019-02-05
3459.15,2019-02-04
3464.01,2019-02-03
3521.06,2019-02-02
3487.95,2019-02-01
3457.79,2019-01-31
3486.18,2019-01-30
3448.12,2019-01-29
3470.45,2019-01-28
3583.97,2019-01-27
3602.46,2019-01-26
3599.77,2019-01-25
3600.87,2019-01-24
3585.12,2019-01-23
3604.58,2019-01-22
3576.03,2019-01-21
3601.01,2019-01-20
3728.57,2019-01-19
3657.84,2019-01-18
3678.56,2019-01-17
3655.01,2019-01-16
3630.68,2019-01-15
3706.05,2019-01-14
3552.95,2019-01-13
3661.3,2019-01-12
3687.37,2019-01-11
3678.92,2019-01-10
4035.3,2019-01-09
4030.85,2019-01-08
4025.25,2019-01-07
4076.63,2019-01-06
3845.19,2019-01-05
3857.72,2019-01-04
3836.74,2019-01-03
3943.41,2019-01-02
3843.52,2019-01-01
3742.7,2018-12-31
3865.95,2018-12-30
3820.41,2018-12-29
3923.92,2018-12-28
3654.83,2018-12-27
3857.3,2018-12-26
3815.49,2018-12-25
4078.6,2018-12-24
3998.98,2018-12-23
4014.18,2018-12-22
3896.54,2018-12-21
4134.44,2018-12-20
3745.95,2018-12-19
3696.06,2018-12-18
3545.86,2018-12-17
3252.84,2018-12-16
3236.76,2018-12-15
3242.48,2018-12-14
3313.68,2018-12-13
3486.95,2018-12-12
3424.59,2018-12-11
3502.66,2018-12-10
3614.23,2018-12-09
3476.11,2018-12-08
3419.94,2018-12-07
3521.1,2018-12-06
3753.99,2018-12-05
3956.89,2018-12-04
3894.13,2018-12-03
4139.88,2018-12-02
4214.67,2018-12-01
4017.27,2018-11-30
4278.85,2018-11-29
4257.42,2018-11-28
3820.72,2018-11-27
3779.13,2018-11-26
4009.97,2018-11-25
3880.76,2018-11-24
4347.11,2018-11-23
4365.94,2018-11-22
4602.17,2018-11-21
4451.87,2018-11-20
4871.49,2018-11-19
5623.54,2018-11-18
5554.33,2018-11-17
5575.55,2018-11-16
5648.03,2018-11-15
5738.35,2018-11-14
6359.49,2018-11-13
6371.27,2018-11-12
6411.27,2018-11-11
6409.22,2018-11-10
6385.62,2018-11-09
6453.72,2018-11-08
6530.14,2018-11-07
6461.01,2018-11-06
6419.66,2018-11-05
6376.13,2018-11-04
6361.26,2018-11-03
6388.44,2018-11-02
6377.78,2018-11-01
6317.61,2018-10-31
6334.27,2018-10-30
6332.63,2018-10-29
6486.39,2018-10-28
6480.38,2018-10-27
6474.75,2018-10-26
6476.29,2018-10-25
6495.84,2018-10-24
6475.74,2018-10-23
6487.16,2018-10-22
6482.35,2018-10-21
6489.19,2018-10-20
6465.41,2018-10-19
6476.71,2018-10-18
6544.43,2018-10-17
6596.11,2018-10-16
6596.54,2018-10-15
6290.93,2018-10-14
6285.99,2018-10-13
6274.58,2018-10-12
6256.24,2018-10-11
6585.53,2018-10-10
6642.64,2018-10-09
6652.23,2018-10-08
6602.95,2018-10-07
6588.31,2018-10-06
6622.48,2018-10-05
6576.69,2018-10-04
6502.59,2018-10-03
6556.1,2018-10-02
6589.62,2018-10-01
6625.56,2018-09-30
6601.96,2018-09-29
6644.13,2018-09-28
6676.75,2018-09-27
6495,2018-09-26
6446.47,2018-09-25
6595.41,2018-09-24
6710.63,2018-09-23
6721.98,2018-09-22
6734.95,2018-09-21
6519.67,2018-09-20
6398.54,2018-09-19
6371.3,2018-09-18
6281.2,2018-09-17
6517.18,2018-09-16
6543.2,2018-09-15
6512.71,2018-09-14
6517.31,2018-09-13
6351.8,2018-09-12
6321.2,2018-09-11
6329.7,2018-09-10
6300.86,2018-09-09
6225.98,2018-09-08
6467.07,2018-09-07
6529.17,2018-09-06
6792.83,2018-09-05
7361.66,2018-09-04
7260.06,2018-09-03
7272.72,2018-09-02
7193.25,2018-09-01
7037.58,2018-08-31
6978.23,2018-08-30
7047.16,2018-08-29
7096.28,2018-08-28
6884.64,2018-08-27
6707.26,2018-08-26
6763.19,2018-08-25
6719.96,2018-08-24
6534.88,2018-08-23
6376.71,2018-08-22
6488.76,2018-08-21
6308.53,2018-08-20
6506.07,2018-08-19
6423.76,2018-08-18
6580.63,2018-08-17
6334.73,2018-08-16
6308.52,2018-08-15
6199.71,2018-08-14
6297.57,2018-08-13
6322.69,2018-08-12
6295.73,2018-08-11
6184.71,2018-08-10
6568.23,2018-08-09
6305.8,2018-08-08
6753.12,2018-08-07
6951.8,2018-08-06
7068.48,2018-08-05
7032.85,2018-08-04
7434.39,2018-08-03
7567.15,2018-08-02
7624.91,2018-08-01
7780.44,2018-07-31
8180.48,2018-07-30
8218.46,2018-07-29
8192.15,2018-07-28
8165.01,2018-07-27
7951.58,2018-07-26
8181.39,2018-07-25
8424.27,2018-07-24
7711.11,2018-07-23
7418.49,2018-07-22
7419.29,2018-07-21
7354.13,2018-07-20
7466.86,2018-07-19
7370.78,2018-07-18
7321.04,2018-07-17
6741.75,2018-07-16
6359.64,2018-07-15
6276.12,2018-07-14
6238.05,2018-07-13
6228.81,2018-07-12
6394.71,2018-07-11
6329.95,2018-07-10
6741.75,2018-07-09
6773.88,2018-07-08
6856.93,2018-07-07
6673.5,2018-07-06
6639.14,2018-07-05
6597.55,2018-07-04
6529.59,2018-07-03
6614.18,2018-07-02
6385.82,2018-07-01
6404,2018-06-30
6218.3,2018-06-29
5903.44,2018-06-28
6157.13,2018-06-27
6093.67,2018-06-26
6249.18,2018-06-25
6173.23,2018-06-24
6162.48,2018-06-23
6083.69,2018-06-22
6729.74,2018-06-21
6776.55,2018-06-20
6769.94,2018-06-19
6734.82,2018-06-18
6499.27,2018-06-17
6550.16,2018-06-16
6456.58,2018-06-15
6675.35,2018-06-14
6349.9,2018-06-13
6582.36,2018-06-12
6906.92,2018-06-11
6786.02,2018-06-10
7531.98,2018-06-09
7624.92,2018-06-08
7678.24,2018-06-07
7653.98,2018-06-06
7633.76,2018-06-05
7514.47,2018-06-04
7720.25,2018-06-03
7643.45,2018-06-02
7541.45,2018-06-01
7494.17,2018-05-31
7406.52,2018-05-30
7472.59,2018-05-29
7135.99,2018-05-28
7368.22,2018-05-27
7355.88,2018-05-26
7480.14,2018-05-25
7587.34,2018-05-24
7557.82,2018-05-23
8041.78,2018-05-22
8418.99,2018-05-21
8513.25,2018-05-20
8247.18,2018-05-19
8250.97,2018-05-18
8094.32,2018-05-17
8368.83,2018-05-16
8510.38,2018-05-15
8716.79,2018-05-14
8723.94,2018-05-13
8504.89,2018-05-12
8441.49,2018-05-11
9043.94,2018-05-10
9325.18,2018-05-09
9234.82,2018-05-08
9373.01,2018-05-07
9654.8,2018-05-06
9858.15,2018-05-05
9700.76,2018-05-04
9743.86,2018-05-03
9235.92,2018-05-02
9119.01,2018-05-01
9240.55,2018-04-30
9419.08,2018-04-29
9348.48,2018-04-28
8987.05,2018-04-27
9281.51,2018-04-26
8845.74,2018-04-25
9697.5,2018-04-24
8930.88,2018-04-23
8802.46,2018-04-22
8895.58,2018-04-21
8845.83,2018-04-20
8294.31,2018-04-19
8163.42,2018-04-18
7902.09,2018-04-17
8058.67,2018-04-16
8329.11,2018-04-15
7986.24,2018-04-14
7895.96,2018-04-13
7889.25,2018-04-12
6968.32,2018-04-11
6834.76,2018-04-10
6770.73,2018-04-09
7023.52,2018-04-08
6911.09,2018-04-07
6636.32,2018-04-06
6811.47,2018-04-05
6853.84,2018-04-04
7456.11,2018-04-03
7083.8,2018-04-02
6844.23,2018-04-01
6973.53,2018-03-31
6890.52,2018-03-30
7165.7,2018-03-29
7954.48,2018-03-28
7833.04,2018-03-27
8209.4,2018-03-26
8495.78,2018-03-25
8668.12,2018-03-24
8879.62,2018-03-23
8728.47,2018-03-22
8929.28,2018-03-21
8913.47,2018-03-20
8630.65,2018-03-19
8223.68,2018-03-18
7916.88,2018-03-17
8338.35,2018-03-16
8300.86,2018-03-15
8269.81,2018-03-14
9194.85,2018-03-13
9205.12,2018-03-12
9578.63,2018-03-11
8866,2018-03-10
9337.55,2018-03-09
9395.01,2018-03-08
9965.57,2018-03-07
10779.9,2018-03-06
11573.3,2018-03-05
11512.6,2018-03-04
11489.7,2018-03-03
11086.4,2018-03-02
10951,2018-03-01
10397.9,2018-02-28
10725.6,2018-02-27
10366.7,2018-02-26
9664.73,2018-02-25
9813.07,2018-02-24
10301.1,2018-02-23
10005,2018-02-22
10690.4,2018-02-21
11403.7,2018-02-20
11225.3,2018-02-19
10551.8,2018-02-18
11112.7,2018-02-17
10233.9,2018-02-16
10166.4,2018-02-15
9494.63,2018-02-14
8598.31,2018-02-13
8926.57,2018-02-12
8129.97,2018-02-11
8621.9,2018-02-10
8736.98,2018-02-09
8265.59,2018-02-08
7621.3,2018-02-07
7754,2018-02-06
6955.27,2018-02-05
8277.01,2018-02-04
9174.91,2018-02-03
8830.75,2018-02-02
9170.54,2018-02-01
10221.1,2018-01-31
10106.3,2018-01-30
11296.4,2018-01-29
11786.3,2018-01-28
11440.7,2018-01-27
11171.4,2018-01-26
11259.4,2018-01-25
11359.4,2018-01-24
10868.4,2018-01-23
10931.4,2018-01-22
11600.1,2018-01-21
12899.2,2018-01-20
11607.4,2018-01-19
11474.9,2018-01-18
11188.6,2018-01-17
11490.5,2018-01-16
13819.8,2018-01-15
13772,2018-01-14
14360.2,2018-01-13
13980.6,2018-01-12
13405.8,2018-01-11
14973.3,2018-01-10
14595.4,2018-01-09
15170.1,2018-01-08
16477.6,2018-01-07
17527,2018-01-06
17429.5,2018-01-05
15599.2,2018-01-04
15201,2018-01-03
14982.1,2018-01-02
13657.2,2018-01-01
14156.4,2017-12-31
12952.2,2017-12-30
14656.2,2017-12-29
14606.5,2017-12-28
15838.5,2017-12-27
16099.8,2017-12-26
14026.6,2017-12-25
13925.8,2017-12-24
14699.2,2017-12-23
13831.8,2017-12-22
15802.9,2017-12-21
16624.6,2017-12-20
17776.7,2017-12-19
19114.2,2017-12-18
19140.8,2017-12-17
19497.4,2017-12-16
17706.9,2017-12-15
16564,2017-12-14
16408.2,2017-12-13
17415.4,2017-12-12
16936.8,2017-12-11
15455.4,2017-12-10
15178.2,2017-12-09
16569.4,2017-12-08
17899.7,2017-12-07
14291.5,2017-12-06
11916.7,2017-12-05
11657.2,2017-12-04
11323.2,2017-12-03
11074.6,2017-12-02
10975.6,2017-12-01
10233.6,2017-11-30
9888.61,2017-11-29
10058.8,2017-11-28
9818.35,2017-11-27
9330.55,2017-11-26
8790.92,2017-11-25
8253.69,2017-11-24
8038.77,2017-11-23
8253.55,2017-11-22
8071.26,2017-11-21
8200.64,2017-11-20
8036.49,2017-11-19
7790.15,2017-11-18
7708.99,2017-11-17
7871.69,2017-11-16
7315.54,2017-11-15
6635.75,2017-11-14
6559.49,2017-11-13
5950.07,2017-11-12
6357.6,2017-11-11
6618.14,2017-11-10
7143.58,2017-11-09
7459.69,2017-11-08
7144.38,2017-11-07
7022.76,2017-11-06
7407.41,2017-11-05
7379.95,2017-11-04
7207.76,2017-11-03
7078.5,2017-11-02
6767.31,2017-11-01
6468.4,2017-10-31
6130.53,2017-10-30
6153.85,2017-10-29
5753.09,2017-10-28
5780.9,2017-10-27
5904.83,2017-10-26
5750.8,2017-10-25
5526.64,2017-10-24
5930.32,2017-10-23
6008.42,2017-10-22
6031.6,2017-10-21
6011.45,2017-10-20
5708.52,2017-10-19
5590.69,2017-10-18
5605.51,2017-10-17
5725.59,2017-10-16
5678.19,2017-10-15
5831.79,2017-10-14
5647.21,2017-10-13
5446.91,2017-10-12
4826.48,2017-10-11
4781.99,2017-10-10
4772.02,2017-10-09
4610.48,2017-10-08
4426.89,2017-10-07
4370.81,2017-10-06
4328.41,2017-10-05
4229.36,2017-10-04
4317.48,2017-10-03
4409.32,2017-10-02
4403.74,2017-10-01
4338.71,2017-09-30
4163.07,2017-09-29
4174.73,2017-09-28
4200.67,2017-09-27
3892.35,2017-09-26
3926.07,2017-09-25
3682.84,2017-09-24
3792.4,2017-09-23
3630.7,2017-09-22
3631.04,2017-09-21
3905.95,2017-09-20
3924.97,2017-09-19
4065.2,2017-09-18
3582.88,2017-09-17
3625.04,2017-09-16
3637.52,2017-09-15
3154.95,2017-09-14
3882.59,2017-09-13
4130.81,2017-09-12
4161.27,2017-09-11
4122.94,2017-09-10
4226.06,2017-09-09
4228.75,2017-09-08
4599.88,2017-09-07
4597.12,2017-09-06
4376.53,2017-09-05
4236.31,2017-09-04
4582.96,2017-09-03
4578.77,2017-09-02
4892.01,2017-09-01
4703.39,2017-08-31
4565.3,2017-08-30
4579.02,2017-08-29
4382.66,2017-08-28
4382.88,2017-08-27
4352.4,2017-08-26
4371.6,2017-08-25
4334.68,2017-08-24
4151.52,2017-08-23
4100.52,2017-08-22
4001.74,2017-08-21
4087.66,2017-08-20
4193.7,2017-08-19
4160.62,2017-08-18
4331.69,2017-08-17
4376.63,2017-08-16
4181.93,2017-08-15
4325.13,2017-08-14
4073.26,2017-08-13
3884.71,2017-08-12
3650.62,2017-08-11
3381.28,2017-08-10
3342.47,2017-08-09
3419.94,2017-08-08
3378.94,2017-08-07
3213.94,2017-08-06
3252.91,2017-08-05
2895.89,2017-08-04
2804.73,2017-08-03
2710.67,2017-08-02
2718.26,2017-08-01
2875.34,2017-07-31
2757.18,2017-07-30
2726.45,2017-07-29
2809.01,2017-07-28
2671.78,2017-07-27
2529.45,2017-07-26
2576.48,2017-07-25
2754.86,2017-07-24
2730.4,2017-07-23
2810.12,2017-07-22
2667.76,2017-07-21
2817.6,2017-07-20
2273.43,2017-07-19
2318.88,2017-07-18
2228.41,2017-07-17
1929.82,2017-07-16
1998.86,2017-07-15
2233.34,2017-07-14
2357.9,2017-07-13
2398.84,2017-07-12
2337.79,2017-07-11
2372.56,2017-07-10
2518.44,2017-07-09
2571.34,2017-07-08
2518.66,2017-07-07
2608.56,2017-07-06
2601.99,2017-07-05
2601.64,2017-07-04
2564.06,2017-07-03
2506.47,2017-07-02
2434.55,2017-07-01
2480.84,2017-06-30
2539.32,2017-06-29
2574.79,2017-06-28
2552.45,2017-06-27
2478.45,2017-06-26
2589.41,2017-06-25
2608.72,2017-06-24
2744.91,2017-06-23
2705.41,2017-06-22
2689.1,2017-06-21
2721.79,2017-06-20
2589.6,2017-06-19
2548.29,2017-06-18
2655.88,2017-06-17
2518.56,2017-06-16
2464.58,2017-06-15
2506.37,2017-06-14
2717.02,2017-06-13
2659.63,2017-06-12
2958.11,2017-06-11
2947.71,2017-06-10
2823.81,2017-06-09
2805.62,2017-06-08
2732.16,2017-06-07
2863.2,2017-06-06
2686.81,2017-06-05
2511.81,2017-06-04
2515.35,2017-06-03
2488.55,2017-06-02
2407.88,2017-06-01
2286.41,2017-05-31
2175.47,2017-05-30
2255.61,2017-05-29
2155.8,2017-05-28
2038.87,2017-05-27
2202.42,2017-05-26
2304.98,2017-05-25
2443.64,2017-05-24
2320.42,2017-05-23
2173.4,2017-05-22
2041.2,2017-05-21
2084.73,2017-05-20
1987.71,2017-05-19
1888.65,2017-05-18
1839.09,2017-05-17
1734.45,2017-05-16
1738.43,2017-05-15
1808.91,2017-05-14
1804.91,2017-05-13
1724.24,2017-05-12
1848.57,2017-05-11
1787.13,2017-05-10
1755.36,2017-05-09
1723.35,2017-05-08
1596.71,2017-05-07
1578.8,2017-05-06
1555.45,2017-05-05
1537.67,2017-05-04
1490.09,2017-05-03
1452.82,2017-05-02
1421.6,2017-05-01
1347.89,2017-04-30
1321.79,2017-04-29
1316.48,2017-04-28
1317.73,2017-04-27
1281.08,2017-04-26
1265.49,2017-04-25
1250.15,2017-04-24
1207.21,2017-04-23
1231.71,2017-04-22
1222.05,2017-04-21
1229.08,2017-04-20
1210.29,2017-04-19
1211.67,2017-04-18
1193.91,2017-04-17
1182.94,2017-04-16
1172.52,2017-04-15
1167.54,2017-04-14
1169.28,2017-04-13
1200.37,2017-04-12
1205.01,2017-04-11
1187.13,2017-04-10
1187.87,2017-04-09
1175.95,2017-04-08
1176.9,2017-04-07
1182.68,2017-04-06
1124.78,2017-04-05
1133.25,2017-04-04
1143.81,2017-04-03
1102.17,2017-04-02
1080.5,2017-04-01
1071.79,2017-03-31
1026.43,2017-03-30
1039.97,2017-03-29
1047.15,2017-03-28
1045.77,2017-03-27
966.72,2017-03-26
972.78,2017-03-25
937.52,2017-03-24
1038.59,2017-03-23
1049.14,2017-03-22
1120.54,2017-03-21
1054.23,2017-03-20
1036.74,2017-03-19
973.82,2017-03-18
1100.23,2017-03-17
1187.81,2017-03-16
1249.61,2017-03-15
1240,2017-03-14
1231.92,2017-03-13
1221.38,2017-03-12
1175.83,2017-03-11
1116.72,2017-03-10
1188.49,2017-03-09
1150,2017-03-08
1223.54,2017-03-07
1272.83,2017-03-06
1267.12,2017-03-05
1255.15,2017-03-04
1274.99,2017-03-03
1251.01,2017-03-02
1222.5,2017-03-01
1179.97,2017-02-28
1179.97,2017-02-27
1165.2,2017-02-26
1143.84,2017-02-25
1173.68,2017-02-24
1166.72,2017-02-23
1117.44,2017-02-22
1115.3,2017-02-21
1079.98,2017-02-20
1047.87,2017-02-19
1054.42,2017-02-18
1046.21,2017-02-17
1027.44,2017-02-16
1007.48,2017-02-15
1004.55,2017-02-14
990.64,2017-02-13
999.18,2017-02-12
1004.45,2017-02-11
988.67,2017-02-10
994.38,2017-02-09
1063.07,2017-02-08
1061.35,2017-02-07
1038.15,2017-02-06
1027.34,2017-02-05
1042.9,2017-02-04
1029.91,2017-02-03
1011.8,2017-02-02
989.02,2017-02-01
970.4,2017-01-31
920.38,2017-01-30
919.5,2017-01-29
921.59,2017-01-28
919.75,2017-01-27
917.59,2017-01-26
901.54,2017-01-25
892.69,2017-01-24
921.01,2017-01-23
924.67,2017-01-22
921.79,2017-01-21
895.03,2017-01-20
899.07,2017-01-19
886.62,2017-01-18
907.94,2017-01-17
831.53,2017-01-16
821.8,2017-01-15
818.41,2017-01-14
823.98,2017-01-13
804.83,2017-01-12
777.76,2017-01-11
907.68,2017-01-10
902.83,2017-01-09
911.2,2017-01-08
908.59,2017-01-07
902.2,2017-01-06
1013.38,2017-01-05
1154.73,2017-01-04
1043.84,2017-01-03
1021.75,2017-01-02
998.33,2017-01-01
963.74,2016-12-31
961.24,2016-12-30
973.5,2016-12-29
975.92,2016-12-28
933.2,2016-12-27
907.61,2016-12-26
896.18,2016-12-25
898.82,2016-12-24
921.98,2016-12-23
864.54,2016-12-22
834.28,2016-12-21
800.88,2016-12-20
792.71,2016-12-19
790.53,2016-12-18
790.83,2016-12-17
784.91,2016-12-16
778.09,2016-12-15
781.48,2016-12-14
780.56,2016-12-13
780.09,2016-12-12
769.73,2016-12-11
774.65,2016-12-10
772.79,2016-12-09
770.81,2016-12-08
768.13,2016-12-07
764.22,2016-12-06
758.7,2016-12-05
773.87,2016-12-04
771.16,2016-12-03
777.94,2016-12-02
756.77,2016-12-01
745.69,2016-11-30
735.6,2016-11-29
735.81,2016-11-28
732.03,2016-11-27
735.38,2016-11-26
741.65,2016-11-25
740.29,2016-11-24
744.59,2016-11-23
751.35,2016-11-22
739.25,2016-11-21
731.03,2016-11-20
751.62,2016-11-19
751.59,2016-11-18
740.98,2016-11-17
744.2,2016-11-16
711.62,2016-11-15
705.02,2016-11-14
702.03,2016-11-13
705.05,2016-11-12
716.41,2016-11-11
715.53,2016-11-10
723.27,2016-11-09
709.85,2016-11-08
703.13,2016-11-07
711.52,2016-11-06
703.42,2016-11-05
703.23,2016-11-04
688.7,2016-11-03
740.83,2016-11-02
729.79,2016-11-01
700.97,2016-10-31
701.86,2016-10-30
714.48,2016-10-29
689.65,2016-10-28
688.31,2016-10-27
678.3,2016-10-26
657.59,2016-10-25
653.76,2016-10-24
657.07,2016-10-23
657.29,2016-10-22
632.83,2016-10-21
630.86,2016-10-20
630.52,2016-10-19
637.96,2016-10-18
639.19,2016-10-17
641.63,2016-10-16
638.65,2016-10-15
640.38,2016-10-14
636.79,2016-10-13
636.19,2016-10-12
641.07,2016-10-11
618.99,2016-10-10
616.75,2016-10-09
619.11,2016-10-08
617.12,2016-10-07
613.02,2016-10-06
612.51,2016-10-05
610.2,2016-10-04
612.13,2016-10-03
610.89,2016-10-02
613.98,2016-10-01
609.73,2016-09-30
605.69,2016-09-29
604.73,2016-09-28
606.17,2016-09-27
608.04,2016-09-26
600.83,2016-09-25
602.63,2016-09-24
602.84,2016-09-23
596.3,2016-09-22
597.15,2016-09-21
608.31,2016-09-20
609.23,2016-09-19
609.87,2016-09-18
605.98,2016-09-17
606.97,2016-09-16
607.16,2016-09-15
610.68,2016-09-14
609.24,2016-09-13
608.24,2016-09-12
606.72,2016-09-11
623.51,2016-09-10
622.86,2016-09-09
626.32,2016-09-08
614.54,2016-09-07
610.44,2016-09-06
606.59,2016-09-05
608.63,2016-09-04
598.21,2016-09-03
575.54,2016-09-02
572.3,2016-09-01
575.47,2016-08-31
577.5,2016-08-30
574.11,2016-08-29
573.91,2016-08-28
569.95,2016-08-27
579.65,2016-08-26
577.76,2016-08-25
580.18,2016-08-24
583.41,2016-08-23
586.75,2016-08-22
581.31,2016-08-21
581.7,2016-08-20
575.63,2016-08-19
574.32,2016-08-18
573.22,2016-08-17
577.44,2016-08-16
567.24,2016-08-15
570.47,2016-08-14
585.59,2016-08-13
587.56,2016-08-12
589.12,2016-08-11
592.1,2016-08-10
587.8,2016-08-09
591.05,2016-08-08
592.69,2016-08-07
587.78,2016-08-06
575.04,2016-08-05
578.29,2016-08-04
566.35,2016-08-03
547.47,2016-08-02
606.27,2016-08-01
624.68,2016-07-31
655.05,2016-07-30
656.99,2016-07-29
655.03,2016-07-28
654.35,2016-07-27
651.78,2016-07-26
654.1,2016-07-25
661.28,2016-07-24
655.56,2016-07-23
650.62,2016-07-22
665.01,2016-07-21
665.68,2016-07-20
672.86,2016-07-19
673.11,2016-07-18
679.46,2016-07-17
660.77,2016-07-16
663.26,2016-07-15
658.08,2016-07-14
654.47,2016-07-13
664.55,2016-07-12
647.66,2016-07-11
649.36,2016-07-10
650.96,2016-07-09
666.52,2016-07-08
640.56,2016-07-07
677.33,2016-07-06
670.63,2016-07-05
683.66,2016-07-04
658.66,2016-07-03
703.7,2016-07-02
676.3,2016-07-01
673.34,2016-06-30
639.89,2016-06-29
647,2016-06-28
655.28,2016-06-27
629.37,2016-06-26
665.12,2016-06-25
665.3,2016-06-24
623.98,2016-06-23
596.12,2016-06-22
666.65,2016-06-21
737.23,2016-06-20
763.78,2016-06-19
756.23,2016-06-18
748.91,2016-06-17
766.31,2016-06-16
694.47,2016-06-15
685.56,2016-06-14
704.38,2016-06-13
672.78,2016-06-12
606.73,2016-06-11
577.47,2016-06-10
574.63,2016-06-09
581.65,2016-06-08
576.6,2016-06-07
585.54,2016-06-06
574.98,2016-06-05
572.73,2016-06-04
569.19,2016-06-03
537.97,2016-06-02
536.92,2016-06-01
531.39,2016-05-31
533.86,2016-05-30
526.23,2016-05-29
530.04,2016-05-28
473.46,2016-05-27
453.38,2016-05-26
449.6,2016-05-25
445.98,2016-05-24
444.15,2016-05-23
439.32,2016-05-22
443.19,2016-05-21
442.68,2016-05-20
438.71,2016-05-19
454.62,2016-05-18
453.78,2016-05-17
454.16,2016-05-16
457.57,2016-05-15
455.67,2016-05-14
455.67,2016-05-13
454.77,2016-05-12
452.73,2016-05-11
450.89,2016-05-10
460.48,2016-05-09
458.55,2016-05-08
458.54,2016-05-07
459.6,2016-05-06
447.98,2016-05-05
446.72,2016-05-04
450.3,2016-05-03
444.67,2016-05-02
451.88,2016-05-01
448.32,2016-04-30
455.1,2016-04-29
449.01,2016-04-28
444.69,2016-04-27
466.09,2016-04-26
461.43,2016-04-25
458.55,2016-04-24
450.28,2016-04-23
445.74,2016-04-22
449.42,2016-04-21
441.39,2016-04-20
435.51,2016-04-19
428.59,2016-04-18
427.4,2016-04-17
430.57,2016-04-16
429.71,2016-04-15
424.28,2016-04-14
423.73,2016-04-13
425.19,2016-04-12
422.48,2016-04-11
421.56,2016-04-10
419.41,2016-04-09
420.35,2016-04-08
422.74,2016-04-07
423.41,2016-04-06
424.03,2016-04-05
421.44,2016-04-04
420.9,2016-04-03
420.87,2016-04-02
417.96,2016-04-01
416.73,2016-03-31
414.82,2016-03-30
416.52,2016-03-29
424.23,2016-03-28
426.77,2016-03-27
417.95,2016-03-26
417.18,2016-03-25
416.39,2016-03-24
418.04,2016-03-23
418.09,2016-03-22
413.31,2016-03-21
413.76,2016-03-20
410.44,2016-03-19
409.55,2016-03-18
420.62,2016-03-17
417.01,2016-03-16
416.83,2016-03-15
416.44,2016-03-14
414.07,2016-03-13
411.62,2016-03-12
421.69,2016-03-11
417.13,2016-03-10
414.86,2016-03-09
413.97,2016-03-08
414.32,2016-03-07
407.71,2016-03-06
400.57,2016-03-05
410.94,2016-03-04
421.65,2016-03-03
423.99,2016-03-02
435.12,2016-03-01
437.7,2016-02-29
433.5,2016-02-28
432.52,2016-02-27
432.15,2016-02-26
424.54,2016-02-25
424.95,2016-02-24
420.74,2016-02-23
437.75,2016-02-22
438.8,2016-02-21
437.16,2016-02-20
420.79,2016-02-19
422.37,2016-02-18
416.32,2016-02-17
407.49,2016-02-16
400.18,2016-02-15
407.23,2016-02-14
391.86,2016-02-13
384.26,2016-02-12
379.65,2016-02-11
381.65,2016-02-10
376.03,2016-02-09
373.45,2016-02-08
376.62,2016-02-07
376.52,2016-02-06
386.55,2016-02-05
389.59,2016-02-04
369.95,2016-02-03
374.45,2016-02-02
373.06,2016-02-01
368.77,2016-01-31
378.26,2016-01-30
379.47,2016-01-29
380.29,2016-01-28
394.97,2016-01-27
392.15,2016-01-26
391.73,2016-01-25
402.97,2016-01-24
387.49,2016-01-23
382.49,2016-01-22
410.26,2016-01-21
420.23,2016-01-20
380.15,2016-01-19
387.17,2016-01-18
382.3,2016-01-17
387.54,2016-01-16
364.33,2016-01-15
430.31,2016-01-14
432.37,2016-01-13
435.69,2016-01-12
448.43,2016-01-11
447.99,2016-01-10
447.61,2016-01-09
453.23,2016-01-08
458.05,2016-01-07
429.11,2016-01-06
431.96,2016-01-05
433.09,2016-01-04
430.01,2016-01-03
433.44,2016-01-02
434.33,2016-01-01
430.57,2015-12-31
426.62,2015-12-30
432.98,2015-12-29
422.28,2015-12-28
422.82,2015-12-27
417.27,2015-12-26
455.65,2015-12-25
454.98,2015-12-24
442.4,2015-12-23
436.57,2015-12-22
438.64,2015-12-21
442.68,2015-12-20
462.32,2015-12-19
463.62,2015-12-18
456.08,2015-12-17
454.93,2015-12-16
465.32,2015-12-15
444.18,2015-12-14
433.76,2015-12-13
435,2015-12-12
451.94,2015-12-11
415.48,2015-12-10
417.56,2015-12-09
415.56,2015-12-08
395.54,2015-12-07
388.78,2015-12-06
388.95,2015-12-05
363.18,2015-12-04
361.05,2015-12-03
359.19,2015-12-02
362.49,2015-12-01
377.32,2015-11-30
371.29,2015-11-29
357.38,2015-11-28
358.04,2015-11-27
352.68,2015-11-26
328.21,2015-11-25
320.05,2015-11-24
323.05,2015-11-23
324.54,2015-11-22
326.93,2015-11-21
322.02,2015-11-20
326.15,2015-11-19
334.59,2015-11-18
335.09,2015-11-17
330.75,2015-11-16
320.17,2015-11-15
332.91,2015-11-14
336.75,2015-11-13
338.15,2015-11-12
311.08,2015-11-11
336.82,2015-11-10
380.26,2015-11-09
373.37,2015-11-08
386.48,2015-11-07
374.47,2015-11-06
386.35,2015-11-05
411.56,2015-11-04
403.42,2015-11-03
361.19,2015-11-02
325.43,2015-11-01
314.17,2015-10-31
328.02,2015-10-30
313.86,2015-10-29
304.62,2015-10-28
293.79,2015-10-27
285.3,2015-10-26
283.68,2015-10-25
281.65,2015-10-24
276.5,2015-10-23
274.02,2015-10-22
266.27,2015-10-21
269.46,2015-10-20
263.44,2015-10-19
261.64,2015-10-18
270.64,2015-10-17
262.87,2015-10-16
254.32,2015-10-15
251.99,2015-10-14
249.51,2015-10-13
245.31,2015-10-12
247.05,2015-10-11
244.94,2015-10-10
243.93,2015-10-09
242.3,2015-10-08
242.97,2015-10-07
246.06,2015-10-06
240.38,2015-10-05
238.26,2015-10-04
238.73,2015-10-03
237.29,2015-10-02
237.55,2015-10-01
236.06,2015-09-30
236.69,2015-09-29
239.14,2015-09-28
232.76,2015-09-27
234.34,2015-09-26
235.14,2015-09-25
234.53,2015-09-24
230.28,2015-09-23
230.62,2015-09-22
227.09,2015-09-21
231.21,2015-09-20
231.49,2015-09-19
232.98,2015-09-18
229.81,2015-09-17
229.09,2015-09-16
230.3,2015-09-15
230.64,2015-09-14
230.51,2015-09-13
235.23,2015-09-12
240.11,2015-09-11
238.48,2015-09-10
238.17,2015-09-09
243.61,2015-09-08
239.85,2015-09-07
239.84,2015-09-06
235.02,2015-09-05
230.3,2015-09-04
227.18,2015-09-03
229.28,2015-09-02
228.12,2015-09-01
230.06,2015-08-31
228.76,2015-08-30
229.78,2015-08-29
231.4,2015-08-28
224.77,2015-08-27
225.83,2015-08-26
221.61,2015-08-25
210.49,2015-08-24
228.17,2015-08-23
230.39,2015-08-22
232.57,2015-08-21
235.35,2015-08-20
226.68,2015-08-19
211.08,2015-08-18
257.98,2015-08-17
258.51,2015-08-16
261.55,2015-08-15
265.68,2015-08-14
264.08,2015-08-13
266.38,2015-08-12
270.39,2015-08-11
264.47,2015-08-10
265.08,2015-08-09
261,2015-08-08
279.58,2015-08-07
278.58,2015-08-06
281.88,2015-08-05
285.22,2015-08-04
281.23,2015-08-03
282.61,2015-08-02
281.6,2015-08-01
284.65,2015-07-31
287.72,2015-07-30
289.59,2015-07-29
294.43,2015-07-28
293.62,2015-07-27
292.69,2015-07-26
288.7,2015-07-25
288.28,2015-07-24
276.05,2015-07-23
277.22,2015-07-22
275.83,2015-07-21
278.98,2015-07-20
273.61,2015-07-19
274.9,2015-07-18
279.47,2015-07-17
278.09,2015-07-16
285.83,2015-07-15
287.46,2015-07-14
292.05,2015-07-13
310.87,2015-07-12
293.11,2015-07-11
284.89,2015-07-10
269.23,2015-07-09
270.79,2015-07-08
266.21,2015-07-07
269.03,2015-07-06
271.91,2015-07-05
260.89,2015-07-04
256.34,2015-07-03
255.41,2015-07-02
258.62,2015-07-01
263.07,2015-06-30
257.06,2015-06-29
249.01,2015-06-28
250.99,2015-06-27
243.59,2015-06-26
242.8,2015-06-25
240.51,2015-06-24
244.3,2015-06-23
246.99,2015-06-22
243.94,2015-06-21
245.21,2015-06-20
244.61,2015-06-19
249.01,2015-06-18
249.28,2015-06-17
250.9,2015-06-16
236.82,2015-06-15
233.54,2015-06-14
232.4,2015-06-13
229.98,2015-06-12
229.71,2015-06-11
228.8,2015-06-10
229.05,2015-06-09
228.49,2015-06-08
222.88,2015-06-07
225.62,2015-06-06
224.95,2015-06-05
224.32,2015-06-04
225.87,2015-06-03
225.8,2015-06-02
222.93,2015-06-01
230.19,2015-05-31
233.35,2015-05-30
237.1,2015-05-29
237.41,2015-05-28
237.28,2015-05-27
237.12,2015-05-26
237.11,2015-05-25
240.95,2015-05-24
238.87,2015-05-23
240.35,2015-05-22
235.34,2015-05-21
234.02,2015-05-20
231.95,2015-05-19
233.13,2015-05-18
236.8,2015-05-17
236.15,2015-05-16
237.6,2015-05-15
236.93,2015-05-14
236.38,2015-05-13
241.11,2015-05-12
242.16,2015-05-11
240.3,2015-05-10
241.83,2015-05-09
243.86,2015-05-08
237.33,2015-05-07
229.78,2015-05-06
236.12,2015-05-05
239.02,2015-05-04
240.36,2015-05-03
234.93,2015-05-02
232.08,2015-05-01
236.15,2015-04-30
225.81,2015-04-29
225.85,2015-04-28
229.29,2015-04-27
219.43,2015-04-26
226.39,2015-04-25
231.27,2015-04-24
236.46,2015-04-23
234.18,2015-04-22
235.27,2015-04-21
224.63,2015-04-20
222.6,2015-04-19
223.36,2015-04-18
222.88,2015-04-17
228.57,2015-04-16
223.83,2015-04-15
219.16,2015-04-14
224.59,2015-04-13
236.15,2015-04-12
236.55,2015-04-11
236.07,2015-04-10
243.68,2015-04-09
245.02,2015-04-08
253.18,2015-04-07
255.49,2015-04-06
260.6,2015-04-05
253.7,2015-04-04
254.32,2015-04-03
253.01,2015-04-02
247.27,2015-04-01
244.22,2015-03-31
247.53,2015-03-30
242.71,2015-03-29
252.8,2015-03-28
247.03,2015-03-27
248.53,2015-03-26
246.2,2015-03-25
245.6,2015-03-24
266.74,2015-03-23
267.96,2015-03-22
260.02,2015-03-21
261.75,2015-03-20
260.93,2015-03-19
256.3,2015-03-18
285.51,2015-03-17
290.59,2015-03-16
286.39,2015-03-15
281.89,2015-03-14
285.34,2015-03-13
294.35,2015-03-12
296.38,2015-03-11
291.76,2015-03-10
289.61,2015-03-09
274.35,2015-03-08
276.26,2015-03-07
272.72,2015-03-06
276.18,2015-03-05
273.09,2015-03-04
281.7,2015-03-03
275.67,2015-03-02
260.2,2015-03-01
254.26,2015-02-28
253.83,2015-02-27
236.43,2015-02-26
237.47,2015-02-25
238.74,2015-02-24
238.89,2015-02-23
235.98,2015-02-22
244.53,2015-02-21
243.78,2015-02-20
240.28,2015-02-19
236.33,2015-02-18
243.61,2015-02-17
233.84,2015-02-16
234.82,2015-02-15
257.32,2015-02-14
235.43,2015-02-13
221.76,2015-02-12
219.18,2015-02-11
219.84,2015-02-10
220.11,2015-02-09
223.41,2015-02-08
227.75,2015-02-07
222.27,2015-02-06
217.11,2015-02-05
226.85,2015-02-04
227.27,2015-02-03
238.23,2015-02-02
226.97,2015-02-01
217.46,2015-01-31
226.43,2015-01-30
233.51,2015-01-29
233.91,2015-01-28
263.48,2015-01-27
273.47,2015-01-26
253.72,2015-01-25
247.85,2015-01-24
232.88,2015-01-23
233.41,2015-01-22
226.9,2015-01-21
211.32,2015-01-20
214.86,2015-01-19
210.34,2015-01-18
199.26,2015-01-17
208.1,2015-01-16
209.84,2015-01-15
178.1,2015-01-14
225.86,2015-01-13
267.8,2015-01-12
265.66,2015-01-11
274.8,2015-01-10
290.41,2015-01-09
283.35,2015-01-08
294.34,2015-01-07
286.19,2015-01-06
274.47,2015-01-05
264.2,2015-01-04
281.08,2015-01-03
315.03,2015-01-02
314.25,2015-01-01
320.19,2014-12-31
310.74,2014-12-30
312.67,2014-12-29
317.24,2014-12-28
315.86,2014-12-27
327.92,2014-12-26
319.01,2014-12-25
322.53,2014-12-24
334.57,2014-12-23
331.89,2014-12-22
320.84,2014-12-21
329.96,2014-12-20
317.84,2014-12-19
311.4,2014-12-18
319.78,2014-12-17
327.06,2014-12-16
345.35,2014-12-15
351.63,2014-12-14
347.38,2014-12-13
352.54,2014-12-12
350.51,2014-12-11
346.36,2014-12-10
352.22,2014-12-09
361.91,2014-12-08
375.1,2014-12-07
374.79,2014-12-06
376.85,2014-12-05
369.6,2014-12-04
375.01,2014-12-03
381.32,2014-12-02
379.24,2014-12-01
378.05,2014-11-30
375.49,2014-11-29
376.45,2014-11-28
369.67,2014-11-27
368.37,2014-11-26
375.35,2014-11-25
376.9,2014-11-24
367.57,2014-11-23
352.92,2014-11-22
350.85,2014-11-21
357.84,2014-11-20
380.55,2014-11-19
375.2,2014-11-18
387.41,2014-11-17
387.88,2014-11-16
376.13,2014-11-15
397.82,2014-11-14
420.73,2014-11-13
423.56,2014-11-12
367.7,2014-11-11
366.92,2014-11-10
363.26,2014-11-09
345.49,2014-11-08
342.42,2014-11-07
349.29,2014-11-06
339.49,2014-11-05
330.49,2014-11-04
327.55,2014-11-03
325.89,2014-11-02
325.75,2014-11-01
338.32,2014-10-31
345.3,2014-10-30
335.59,2014-10-29
357.62,2014-10-28
352.99,2014-10-27
354.7,2014-10-26
347.27,2014-10-25
358.35,2014-10-24
358.42,2014-10-23
383.16,2014-10-22
386.48,2014-10-21
382.85,2014-10-20
389.55,2014-10-19
391.44,2014-10-18
383.76,2014-10-17
382.56,2014-10-16
394.77,2014-10-15
400.87,2014-10-14
390.41,2014-10-13
378.55,2014-10-12
362.3,2014-10-11
361.56,2014-10-10
365.03,2014-10-09
352.94,2014-10-08
336.19,2014-10-07
330.08,2014-10-06
320.51,2014-10-05
328.87,2014-10-04
359.51,2014-10-03
375.07,2014-10-02
383.61,2014-10-01
386.94,2014-09-30
375.47,2014-09-29
377.18,2014-09-28
399.52,2014-09-27
404.42,2014-09-26
411.57,2014-09-25
423.2,2014-09-24
435.79,2014-09-23
402.15,2014-09-22
398.82,2014-09-21
408.9,2014-09-20
394.8,2014-09-19
424.44,2014-09-18
457.33,2014-09-17
466.06,2014-09-16
475.37,2014-09-15
477.89,2014-09-14
479,2014-09-13
477.75,2014-09-12
479.75,2014-09-11
479.36,2014-09-10
475.26,2014-09-09
474.6,2014-09-08
482.28,2014-09-07
484.83,2014-09-06
483.34,2014-09-05
489.66,2014-09-04
477.59,2014-09-03
477.43,2014-09-02
474.88,2014-09-01
477.76,2014-08-31
504.25,2014-08-30
508.52,2014-08-29
507.82,2014-08-28
511.15,2014-08-27
511.57,2014-08-26
502.5,2014-08-25
508.29,2014-08-24
498.08,2014-08-23
514.04,2014-08-22
517.24,2014-08-21
511.98,2014-08-20
485.24,2014-08-19
461.46,2014-08-18
491.8,2014-08-17
519.71,2014-08-16
497.01,2014-08-15
505.97,2014-08-14
546.66,2014-08-13
569.64,2014-08-12
576.37,2014-08-11
591.06,2014-08-10
589.37,2014-08-09
592.58,2014-08-08
588.87,2014-08-07
584.65,2014-08-06
585.44,2014-08-05
588.78,2014-08-04
586.67,2014-08-03
589.33,2014-08-02
594.92,2014-08-01
586.23,2014-07-31
567.29,2014-07-30
584.72,2014-07-29
585.69,2014-07-28
593.85,2014-07-27
595.81,2014-07-26
601.09,2014-07-25
601.73,2014-07-24
619.41,2014-07-23
621.55,2014-07-22
622.21,2014-07-21
623.9,2014-07-20
628.52,2014-07-19
628.78,2014-07-18
623.09,2014-07-17
616.8,2014-07-16
621.59,2014-07-15
619.32,2014-07-14
626.5,2014-07-13
633.71,2014-07-12
632,2014-07-11
616.76,2014-07-10
624.51,2014-07-09
624.82,2014-07-08
624.09,2014-07-07
635.81,2014-07-06
631.46,2014-07-05
630.69,2014-07-04
645.16,2014-07-03
650.88,2014-07-02
640.81,2014-07-01
639.8,2014-06-30
602.72,2014-06-29
596.55,2014-06-28
597.26,2014-06-27
581.14,2014-06-26
566.34,2014-06-25
582.36,2014-06-24
593.98,2014-06-23
602.27,2014-06-22
594.99,2014-06-21
594.15,2014-06-20
598.07,2014-06-19
607.96,2014-06-18
610.86,2014-06-17
592.19,2014-06-16
592.94,2014-06-15
577.36,2014-06-14
600.16,2014-06-13
586.95,2014-06-12
633.02,2014-06-11
653.15,2014-06-10
649.16,2014-06-09
656.14,2014-06-08
654.97,2014-06-07
653.7,2014-06-06
659.26,2014-06-05
641.61,2014-06-04
667.6,2014-06-03
660.62,2014-06-02
630.23,2014-06-01
623.68,2014-05-31
615.33,2014-05-30
568.18,2014-05-29
577.06,2014-05-28
571.24,2014-05-27
583.42,2014-05-26
571.59,2014-05-25
525.14,2014-05-24
520.22,2014-05-23
524.58,2014-05-22
491.77,2014-05-21
485.72,2014-05-20
446.18,2014-05-19
446.26,2014-05-18
448.9,2014-05-17
448.06,2014-05-16
447.25,2014-05-15
443.97,2014-05-14
440.67,2014-05-13
441.46,2014-05-12
438.89,2014-05-11
454.43,2014-05-10
449.46,2014-05-09
440.17,2014-05-08
438.82,2014-05-07
428.96,2014-05-06
433.48,2014-05-05
436.4,2014-05-04
437.76,2014-05-03
449.38,2014-05-02
457.76,2014-05-01
447.64,2014-04-30
447.21,2014-04-29
440.29,2014-04-28
436.39,2014-04-27
458.6,2014-04-26
461.45,2014-04-25
500.46,2014-04-24
491.3,2014-04-23
487.92,2014-04-22
495.77,2014-04-21
498.17,2014-04-20
501.57,2014-04-19
479.64,2014-04-18
495.96,2014-04-17
527.4,2014-04-16
515.59,2014-04-15
458.79,2014-04-14
414.06,2014-04-13
421.12,2014-04-12
420.95,2014-04-11
365.18,2014-04-10
442.73,2014-04-09
453.09,2014-04-08
449.42,2014-04-07
460.5,2014-04-06
461.91,2014-04-05
447.53,2014-04-04
444.72,2014-04-03
437.14,2014-04-02
478.38,2014-04-01
457,2014-03-31
460.27,2014-03-30
491.17,2014-03-29
495.67,2014-03-28
471.24,2014-03-27
580.83,2014-03-26
583.92,2014-03-25
583.41,2014-03-24
561.27,2014-03-23
565.04,2014-03-22
571.49,2014-03-21
588.77,2014-03-20
609.89,2014-03-19
614.83,2014-03-18
622.37,2014-03-17
631.11,2014-03-16
636.12,2014-03-15
628.8,2014-03-14
638.14,2014-03-13
632.1,2014-03-12
634.11,2014-03-11
627.79,2014-03-10
636.96,2014-03-09
617.45,2014-03-08
629.15,2014-03-07
663.86,2014-03-06
665.51,2014-03-05
666.78,2014-03-04
667.76,2014-03-03
559.79,2014-03-02
565.61,2014-03-01
549.26,2014-02-28
578.77,2014-02-27
582.69,2014-02-26
538.71,2014-02-25
546.32,2014-02-24
605.82,2014-02-23
605.42,2014-02-22
574.16,2014-02-21
556.14,2014-02-20
623.03,2014-02-19
626.6,2014-02-18
626.27,2014-02-17
616.63,2014-02-16
650.92,2014-02-15
661.99,2014-02-14
605.24,2014-02-13
651.72,2014-02-12
672.17,2014-02-11
681.03,2014-02-10
682.9,2014-02-09
673.92,2014-02-08
712.4,2014-02-07
781.55,2014-02-06
811.91,2014-02-05
827.96,2014-02-04
823.83,2014-02-03
825.37,2014-02-02
832.58,2014-02-01
829.92,2014-01-31
819.03,2014-01-30
826,2014-01-29
812.51,2014-01-28
771.39,2014-01-27
885.28,2014-01-26
853.61,2014-01-25
797.07,2014-01-24
822.04,2014-01-23
845.59,2014-01-22
863.91,2014-01-21
870.2,2014-01-20
870.96,2014-01-19
840,2014-01-18
814.64,2014-01-17
835.63,2014-01-16
860.9,2014-01-15
833.27,2014-01-14
841.2,2014-01-13
863.22,2014-01-12
913.95,2014-01-11
868.48,2014-01-10
846.86,2014-01-09
842.72,2014-01-08
802,2014-01-07
953.29,2014-01-06
933.53,2014-01-05
859.51,2014-01-04
818.72,2014-01-03
802.39,2014-01-02
771.4,2014-01-01
754.01,2013-12-31
756.13,2013-12-30
745.05,2013-12-29
727.83,2013-12-28
735.07,2013-12-27
761.98,2013-12-26
682.21,2013-12-25
665.58,2013-12-24
673.41,2013-12-23
617.18,2013-12-22
605.66,2013-12-21
625.32,2013-12-20
691.96,2013-12-19
522.7,2013-12-18
682.12,2013-12-17
705.97,2013-12-16
876.12,2013-12-15
872.6,2013-12-14
892.58,2013-12-13
873.26,2013-12-12
878.48,2013-12-11
988.51,2013-12-10
893.19,2013-12-09
795.87,2013-12-08
698.23,2013-12-07
829.45,2013-12-06
1045.11,2013-12-05
1151.17,2013-12-04
1078.28,2013-12-03
1043.33,2013-12-02
955.85,2013-12-01
1129.43,2013-11-30
1131.97,2013-11-29
1031.95,2013-11-28
1001.96,2013-11-27
928.1,2013-11-26
799.11,2013-11-25
774.25,2013-11-24
797.82,2013-11-23
771.44,2013-11-22
722.43,2013-11-21
590.83,2013-11-20
584.61,2013-11-19
703.56,2013-11-18
492.11,2013-11-17
440.22,2013-11-16
417.95,2013-11-15
420.2,2013-11-14
407.37,2013-11-13
360.33,2013-11-12
342.44,2013-11-11
326.62,2013-11-10
339.11,2013-11-09
338.11,2013-11-08
296.41,2013-11-07
262.5,2013-11-06
245.24,2013-11-05
229.1,2013-11-04
215.05,2013-11-03
206.22,2013-11-02
206.18,2013-11-01
204,2013-10-31
199.97,2013-10-30
204.39,2013-10-29
198.55,2013-10-28
196.44,2013-10-27
177.32,2013-10-26
186.69,2013-10-25
198.23,2013-10-24
213.62,2013-10-23
193.76,2013-10-22
182.21,2013-10-21
174.61,2013-10-20
172.42,2013-10-19
155.96,2013-10-18
146.25,2013-10-17
142.55,2013-10-16
145.24,2013-10-15
140.52,2013-10-14
138.13,2013-10-13
135.19,2013-10-12
130.9,2013-10-11
130.59,2013-10-10
130.69,2013-10-09
126,2013-10-08
126.94,2013-10-07
129,2013-10-06
128.55,2013-10-05
129.01,2013-10-04
123.63,2013-10-03
114.13,2013-10-02
132.18,2013-10-01
133,2013-09-30
137.34,2013-09-29
134.78,2013-09-28
133.78,2013-09-27
128.38,2013-09-26
128.22,2013-09-25
127.25,2013-09-24
125.95,2013-09-23
129.12,2013-09-22
127.43,2013-09-21
127.04,2013-09-20
129.65,2013-09-19
131.47,2013-09-18
131.66,2013-09-17
131.72,2013-09-16
130.37,2013-09-15
129.22,2013-09-14
134.98,2013-09-13
133.13,2013-09-12
135.25,2013-09-11
125.91,2013-09-10
127.11,2013-09-09
121.66,2013-09-08
124.15,2013-09-07
119.15,2013-09-06
126.43,2013-09-05
126.74,2013-09-04
136.77,2013-09-03
135.85,2013-09-02
138.34,2013-09-01
135.35,2013-08-31
133.49,2013-08-30
122.39,2013-08-29
122.62,2013-08-28
126.5,2013-08-27
120.06,2013-08-26
122.11,2013-08-25
120.04,2013-08-24
118.5,2013-08-23
121.15,2013-08-22
123.3,2013-08-21
121.21,2013-08-20
119,2013-08-19
113.5,2013-08-18
113.5,2013-08-17
108.99,2013-08-16
109.99,2013-08-15
112.56,2013-08-14
109,2013-08-13
106.64,2013-08-12
105,2013-08-11
103,2013-08-10
102.8,2013-08-09
103,2013-08-08
106.75,2013-08-07
106.75,2013-08-06
106.22,2013-08-05
105.14,2013-08-04
104,2013-08-03
104.5,2013-08-02
104,2013-08-01
106.09,2013-07-31
107.99,2013-07-30
101.2,2013-07-29
99.76,2013-07-28
94.12,2013-07-27
96.02,2013-07-26
96.9,2013-07-25
94.51,2013-07-24
95.56,2013-07-23
91.61,2013-07-22
90.76,2013-07-21
89.39,2013-07-20
92.17,2013-07-19
90.58,2013-07-18
98.5,2013-07-17
97.45,2013-07-16
98.4,2013-07-15
94.69,2013-07-14
98.13,2013-07-13
93.59,2013-07-12
88.98,2013-07-11
86.76,2013-07-10
76.69,2013-07-09
76.52,2013-07-08
74.56,2013-07-07
70.28,2013-07-06
68.43,2013-07-05
80.53,2013-07-04
77.53,2013-07-03
90.13,2013-07-02
88.05,2013-07-01
96.61,2013-06-30
94.99,2013-06-29
94.65,2013-06-28
101.44,2013-06-27
104,2013-06-26
103.95,2013-06-25
102.74,2013-06-24
107.6,2013-06-23
108.3,2013-06-22
109.5,2013-06-21
110.15,2013-06-20
108.25,2013-06-19
107.4,2013-06-18
101.7,2013-06-17
99.51,2013-06-16
99.99,2013-06-15
99.98,2013-06-14
104,2013-06-13
108.15,2013-06-12
108.9,2013-06-11
106.35,2013-06-10
100,2013-06-09
108.3,2013-06-08
111.5,2013-06-07
118,2013-06-06
121.65,2013-06-05
121.42,2013-06-04
122.22,2013-06-03
122.29,2013-06-02
129.3,2013-06-01
129,2013-05-31
128.8,2013-05-30
132.3,2013-05-29
129,2013-05-28
129.74,2013-05-27
133.48,2013-05-26
131.98,2013-05-25
133.2,2013-05-24
126.7,2013-05-23
123.89,2013-05-22
122.88,2013-05-21
122,2013-05-20
121.99,2013-05-19
123.5,2013-05-18
123.01,2013-05-17
118.76,2013-05-16
114.22,2013-05-15
111.5,2013-05-14
117.98,2013-05-13
115,2013-05-12
115.24,2013-05-11
117.2,2013-05-10
112.67,2013-05-09
113.57,2013-05-08
111.5,2013-05-07
112.3,2013-05-06
115.91,2013-05-05
112.5,2013-05-04
97.75,2013-05-03
105.21,2013-05-02
116.99,2013-05-01
139,2013-04-30
144.54,2013-04-29
134.21,2013-04-28
